date,pollutant,concentration µg/m_
01/01/2017,CO,0.561
01/02/2017,CO,0.53
01/03/2017,CO,0.589
01/04/2017,CO,0.662
01/07/2017,CO,0.716
01/08/2017,CO,0.661
01/09/2017,CO,0.682
01/10/2017,CO,0.68
01/11/2017,CO,0.699
01/12/2017,CO,0.679
01/01/2018,CO,0.671
01/02/2018,CO,0.677
01/03/2018,CO,0.654
01/04/2018,CO,0.682
01/05/2018,CO,0.671
01/06/2018,CO,0.648
01/07/2018,CO,0.653
01/08/2018,CO,0.655
01/09/2018,CO,0.615
01/10/2018,CO,0.632
01/11/2018,CO,0.636
01/12/2018,CO,0.626
01/01/2019,CO,0.636
01/02/2019,CO,0.588
01/03/2019,CO,0.669
01/04/2019,CO,0.644
01/05/2019,CO,0.627
01/06/2019,CO,0.585
01/07/2019,CO,0.629
01/08/2019,CO,0.708
01/09/2019,CO,0.888
01/10/2019,CO,0.629
01/11/2019,CO,0.633
01/12/2019,CO,0.565
01/01/2020,CO,0.553
01/02/2020,CO,0.544
01/03/2020,CO,0.542
01/04/2020,CO,0.473
01/05/2020,CO,0.496
01/06/2020,CO,0.529
01/07/2020,CO,0.545
01/08/2020,CO,0.585
01/09/2020,CO,0.555
01/10/2020,CO,0.548
01/11/2020,CO,0.549
01/12/2020,CO,0.62
01/01/2021,CO,0.549
01/02/2021,CO,0.533
01/03/2021,CO,0.538
01/04/2021,CO,0.563
01/05/2021,CO,0.526
01/06/2021,CO,0.488
01/07/2021,CO,0.518
01/08/2021,CO,0.494
01/09/2021,CO,0.531
01/10/2021,CO,0.564
01/11/2021,CO,0.539
01/12/2021,CO,0.562
01/01/2022,CO,0.572
01/02/2022,CO,0.515
01/03/2022,CO,0.535
01/04/2022,CO,0.575
01/05/2022,CO,0.537
01/06/2022,CO,0.513
01/07/2022,CO,0.534
01/08/2022,CO,0.508
01/09/2022,CO,0.523
01/10/2022,CO,0.501
01/11/2022,CO,0.515
01/12/2022,CO,0.503
01/01/2017,NO2,0.0076
01/02/2017,NO2,0.0071
01/03/2017,NO2,0.0082
01/04/2017,NO2,0.0087
01/09/2017,NO2,0.0076
01/10/2017,NO2,0.0082
01/11/2017,NO2,0.008
01/12/2017,NO2,0.0074
01/01/2018,NO2,0.0078
01/02/2018,NO2,0.0069
01/03/2018,NO2,0.0074
01/04/2018,NO2,0.0075
01/05/2018,NO2,0.0076
01/06/2018,NO2,0.0074
01/07/2018,NO2,0.0096
01/08/2018,NO2,0.0077
01/09/2018,NO2,0.0079
01/10/2018,NO2,0.0076
01/11/2018,NO2,0.0074
01/12/2018,NO2,0.007
01/01/2019,NO2,0.0066
01/02/2019,NO2,0.0063
01/03/2019,NO2,0.0074
01/04/2019,NO2,0.0077
01/05/2019,NO2,0.0074
01/06/2019,NO2,0.0069
01/07/2019,NO2,0.0075
01/08/2019,NO2,0.0076
01/09/2019,NO2,0.0081
01/10/2019,NO2,0.0074
01/11/2019,NO2,0.0073
01/12/2019,NO2,0.0061
01/01/2020,NO2,0.0059
01/02/2020,NO2,0.0057
01/03/2020,NO2,0.0051
01/04/2020,NO2,0.0032
01/05/2020,NO2,0.0047
01/06/2020,NO2,0.0061
01/07/2020,NO2,0.0065
01/08/2020,NO2,0.0064
01/09/2020,NO2,0.0064
01/10/2020,NO2,0.0066
01/11/2020,NO2,0.0061
01/12/2020,NO2,0.0065
01/01/2021,NO2,0.0054
01/02/2021,NO2,0.0052
01/03/2021,NO2,0.0062
01/04/2021,NO2,0.0069
01/05/2021,NO2,0.0059
01/06/2021,NO2,0.0046
01/07/2021,NO2,0.0048
01/08/2021,NO2,0.0049
01/09/2021,NO2,0.0058
01/10/2021,NO2,0.0063
01/11/2021,NO2,0.0063
01/12/2021,NO2,0.006
01/01/2022,NO2,0.0061
01/02/2022,NO2,0.0052
01/03/2022,NO2,0.0058
01/04/2022,NO2,0.0068
01/05/2022,NO2,0.0065
01/06/2022,NO2,0.0064
01/07/2022,NO2,0.0065
01/08/2022,NO2,0.0067
01/09/2022,NO2,0.0067
01/10/2022,NO2,0.0063
01/11/2022,NO2,0.0066
01/12/2022,NO2,0.0062
01/01/2017,O3,0.015
01/02/2017,O3,0.018
01/03/2017,O3,0.017
01/04/2017,O3,0.015
01/07/2017,O3,0.016
01/08/2017,O3,0.016
01/09/2017,O3,0.015
01/10/2017,O3,0.017
01/11/2017,O3,0.015
01/12/2017,O3,0.02
01/01/2018,O3,0.015
01/02/2018,O3,0.024
01/03/2018,O3,0.019
01/04/2018,O3,0.019
01/05/2018,O3,0.017
01/06/2018,O3,0.017
01/07/2018,O3,0.018
01/08/2018,O3,0.02
01/09/2018,O3,0.017
01/10/2018,O3,0.016
01/11/2018,O3,0.016
01/12/2018,O3,0.015
01/01/2019,O3,0.02
01/02/2019,O3,0.02
01/03/2019,O3,0.023
01/04/2019,O3,0.019
01/05/2019,O3,0.017
01/06/2019,O3,0.016
01/07/2019,O3,0.019
01/08/2019,O3,0.02
01/09/2019,O3,0.022
01/10/2019,O3,0.016
01/11/2019,O3,0.016
01/12/2019,O3,0.018
01/01/2020,O3,0.019
01/02/2020,O3,0.02
01/03/2020,O3,0.019
01/04/2020,O3,0.018
01/05/2020,O3,0.017
01/06/2020,O3,0.015
01/07/2020,O3,0.014
01/08/2020,O3,0.016
01/09/2020,O3,0.013
01/10/2020,O3,0.014
01/11/2020,O3,0.013
01/12/2020,O3,0.016
01/01/2021,O3,0.019
01/02/2021,O3,0.023
01/03/2021,O3,0.016
01/04/2021,O3,0.017
01/05/2021,O3,0.015
01/06/2021,O3,0.016
01/07/2021,O3,0.016
01/08/2021,O3,0.013
01/09/2021,O3,0.014
01/10/2021,O3,0.015
01/11/2021,O3,0.013
01/12/2021,O3,0.017
01/01/2022,O3,0.019
01/02/2022,O3,0.014
01/03/2022,O3,0.015
01/04/2022,O3,0.016
01/05/2022,O3,0.015
01/06/2022,O3,0.014
01/07/2022,O3,0.015
01/08/2022,O3,0.015
01/09/2022,O3,0.014
01/10/2022,O3,0.013
01/11/2022,O3,0.014
01/12/2022,O3,0.017
01/01/2017,PM 10,38
01/02/2017,PM 10,40.89
01/03/2017,PM 10,42.31
01/04/2017,PM 10,37.76
01/07/2017,PM 10,29.31
01/08/2017,PM 10,24.96
01/09/2017,PM 10,23.41
01/10/2017,PM 10,24.32
01/11/2017,PM 10,17.91
01/12/2017,PM 10,21.6
01/01/2018,PM 10,19.14
01/02/2018,PM 10,26.06
01/03/2018,PM 10,24.84
01/04/2018,PM 10,25.64
01/05/2018,PM 10,22.6
01/06/2018,PM 10,25.88
01/07/2018,PM 10,30.29
01/08/2018,PM 10,36.47
01/09/2018,PM 10,26.97
01/10/2018,PM 10,22.22
01/11/2018,PM 10,20.03
01/12/2018,PM 10,18.89
01/01/2019,PM 10,22.26
01/02/2019,PM 10,23.59
01/03/2019,PM 10,31.92
01/04/2019,PM 10,26.95
01/05/2019,PM 10,23.74
01/06/2019,PM 10,22.16
01/07/2019,PM 10,29.98
01/08/2019,PM 10,42.2
01/09/2019,PM 10,64.11
01/10/2019,PM 10,22.39
01/11/2019,PM 10,21.52
01/12/2019,PM 10,19.09
01/01/2020,PM 10,21.37
01/02/2020,PM 10,23.18
01/03/2020,PM 10,22.96
01/04/2020,PM 10,17.7
01/05/2020,PM 10,17.58
01/06/2020,PM 10,19.48
01/07/2020,PM 10,18.55
01/08/2020,PM 10,22.81
01/09/2020,PM 10,18.23
01/10/2020,PM 10,19.19
01/11/2020,PM 10,17.11
01/12/2020,PM 10,18.55
01/01/2021,PM 10,19.65
01/02/2021,PM 10,25.74
01/03/2021,PM 10,22.54
01/04/2021,PM 10,22.55
01/05/2021,PM 10,20.28
01/06/2021,PM 10,19.65
01/07/2021,PM 10,22.76
01/08/2021,PM 10,18.16
01/09/2021,PM 10,18.6
01/10/2021,PM 10,20.53
01/11/2021,PM 10,16.84
01/12/2021,PM 10,18.86
01/01/2022,PM 10,21.98
01/02/2022,PM 10,18.09
01/03/2022,PM 10,19.76
01/04/2022,PM 10,20.59
01/05/2022,PM 10,21.16
01/06/2022,PM 10,18.67
01/07/2022,PM 10,23.55
01/08/2022,PM 10,20.64
01/09/2022,PM 10,19.41
01/10/2022,PM 10,17.35
01/11/2022,PM 10,17.4
01/12/2022,PM 10,18.44
01/01/2018,PM 2.5,11.43
01/02/2018,PM 2.5,16.75
01/03/2018,PM 2.5,15.61
01/04/2018,PM 2.5,16.34
01/05/2018,PM 2.5,14.54
01/06/2018,PM 2.5,17.28
01/07/2018,PM 2.5,20.63
01/08/2018,PM 2.5,25.84
01/09/2018,PM 2.5,18.21
01/10/2018,PM 2.5,14.5
01/11/2018,PM 2.5,12.33
01/12/2018,PM 2.5,11.54
01/01/2019,PM 2.5,12.96
01/02/2019,PM 2.5,15.23
01/03/2019,PM 2.5,23.17
01/04/2019,PM 2.5,18.69
01/05/2019,PM 2.5,15.52
01/06/2019,PM 2.5,14.57
01/07/2019,PM 2.5,20.79
01/08/2019,PM 2.5,31.74
01/09/2019,PM 2.5,52.86
01/10/2019,PM 2.5,15.46
01/11/2019,PM 2.5,13.92
01/12/2019,PM 2.5,10.95
01/01/2020,PM 2.5,12.62
01/02/2020,PM 2.5,12.93
01/03/2020,PM 2.5,15.01
01/04/2020,PM 2.5,11.81
01/05/2020,PM 2.5,11.14
01/06/2020,PM 2.5,12.21
01/07/2020,PM 2.5,11.74
01/08/2020,PM 2.5,15.15
01/09/2020,PM 2.5,11.52
01/10/2020,PM 2.5,12.36
01/11/2020,PM 2.5,10.1
01/12/2020,PM 2.5,10.92
01/01/2021,PM 2.5,11.36
01/02/2021,PM 2.5,15.94
01/03/2021,PM 2.5,14.3
01/04/2021,PM 2.5,14.07
01/05/2021,PM 2.5,12.62
01/06/2021,PM 2.5,13.3
01/07/2021,PM 2.5,15.27
01/08/2021,PM 2.5,11.76
01/09/2021,PM 2.5,12.06
01/10/2021,PM 2.5,13.14
01/11/2021,PM 2.5,10.02
01/12/2021,PM 2.5,11.43
01/01/2022,PM 2.5,13.6
01/02/2022,PM 2.5,10.87
01/03/2022,PM 2.5,12.2
01/04/2022,PM 2.5,13.25
01/05/2022,PM 2.5,13.29
01/06/2022,PM 2.5,11.63
01/07/2022,PM 2.5,14.86
01/08/2022,PM 2.5,13.4
01/09/2022,PM 2.5,12.42
01/10/2022,PM 2.5,10.48
01/11/2022,PM 2.5,10.38
01/12/2022,PM 2.5,10.75
01/01/2017,SO2,0.0023
01/02/2017,SO2,0.0025
01/03/2017,SO2,0.0028
01/07/2017,SO2,0.0014
01/08/2017,SO2,0.001
01/09/2017,SO2,0.0011
01/10/2017,SO2,0.0012
01/11/2017,SO2,0.001
01/12/2017,SO2,0.001
01/01/2018,SO2,0.001
01/02/2018,SO2,0.0011
01/03/2018,SO2,0.001
01/04/2018,SO2,0.001
01/05/2018,SO2,0.001
01/06/2018,SO2,0.0011
01/07/2018,SO2,0.0011
01/08/2018,SO2,0.0011
01/09/2018,SO2,0.001
01/10/2018,SO2,0.001
01/11/2018,SO2,0.001
01/12/2018,SO2,0.0009
01/01/2019,SO2,0.001
01/02/2019,SO2,0.0011
01/03/2019,SO2,0.0011
01/04/2019,SO2,0.001
01/05/2019,SO2,0.001
01/06/2019,SO2,0.001
01/07/2019,SO2,0.0011
01/08/2019,SO2,0.0013
01/09/2019,SO2,0.0011
01/10/2019,SO2,0.001
01/11/2019,SO2,0.001
01/12/2019,SO2,0.001
01/01/2020,SO2,0.001
01/02/2020,SO2,0.001
01/03/2020,SO2,0.0009
01/04/2020,SO2,0.0009
01/05/2020,SO2,0.0009
01/06/2020,SO2,0.001
01/07/2020,SO2,0.001
01/08/2020,SO2,0.0011
01/09/2020,SO2,0.0011
01/10/2020,SO2,0.0011
01/11/2020,SO2,0.0011
01/12/2020,SO2,0.0012
01/01/2021,SO2,0.0011
01/02/2021,SO2,0.0012
01/03/2021,SO2,0.0011
01/04/2021,SO2,0.0011
01/05/2021,SO2,0.001
01/06/2021,SO2,0.0011
01/07/2021,SO2,0.0011
01/08/2021,SO2,0.0011
01/09/2021,SO2,0.0011
01/10/2021,SO2,0.0011
01/11/2021,SO2,0.0012
01/12/2021,SO2,0.0012
01/01/2022,SO2,0.0012
01/02/2022,SO2,0.0011
01/03/2022,SO2,0.0012
01/04/2022,SO2,0.0012
01/05/2022,SO2,0.0011
01/06/2022,SO2,0.0012
01/07/2022,SO2,0.0012
01/08/2022,SO2,0.0012
01/09/2022,SO2,0.0012
01/10/2022,SO2,0.0012
01/11/2022,SO2,0.0012
01/12/2022,SO2,0.0013